level_code,dim,correct_value,given_value,given_count,total_answers_for_this_correct_value,wrong_answers_for_this_correct_value
past_100,number,تثنیہ جمع,جمع,130,865,156
past_100,number,تثنیہ جمع,واحد,20,865,156
past_100,number,تثنیہ جمع,تثنیہ,6,865,156
past_100,person,غائب,حاضر,85,1299,116
past_100,person,غائب,متکلم,31,1299,116
past_100,gender,مذکرمونث,مذکر,65,946,79
past_100,gender,مذکرمونث,مونث,14,946,79
past_100,person,متکلم,غائب,38,946,67
past_100,person,متکلم,حاضر,29,946,67
past_100,gender,مونث,مذکر,44,781,66
past_100,gender,مونث,مذکرمونث,22,781,66
past_100,number,واحد,جمع,24,1220,62
past_100,number,واحد,تثنیہ جمع,23,1220,62
past_100,number,واحد,تثنیہ,15,1220,62
past_100,gender,مذکر,مونث,29,1213,54
past_100,gender,مذکر,مذکرمونث,25,1213,54
past_100,voice,معروف,مجہول,54,2867,54
present_100,person,غائب,حاضر,47,352,50
present_100,person,غائب,متکلم,3,352,50
present_100,gender,مذکر,مونث,42,380,49
present_100,gender,مذکر,مذکرمونث,7,380,49
past_100,person,حاضر,غائب,36,695,47
past_100,person,حاضر,متکلم,11,695,47
present_100,gender,مونث,مذکر,37,207,43
present_100,gender,مونث,مذکرمونث,6,207,43
past_100,number,جمع,تثنیہ جمع,18,694,38
past_100,number,جمع,واحد,14,694,38
past_100,number,جمع,تثنیہ,6,694,38
present_100,person,حاضر,غائب,36,235,37
present_100,person,حاضر,متکلم,1,235,37
cmd_nahi_75,person,حاضر,غائب,24,260,35
cmd_nahi_75,person,حاضر,متکلم,11,260,35
combined_100,gender,مذکر,مونث,15,300,24
combined_100,gender,مذکر,مذکرمونث,9,300,24
cmd_nahi_75,gender,مذکر,مذکرمونث,13,219,22
cmd_nahi_75,gender,مذکر,مونث,9,219,22
combined_100,person,غائب,حاضر,20,245,21
combined_100,person,غائب,متکلم,1,245,21
combined_100,tense,نہی,مضارع,14,123,18
combined_100,tense,نہی,امر,3,123,18
combined_100,tense,نہی,ماضی,1,123,18
past_100,number,تثنیہ,واحد,12,161,18
past_100,number,تثنیہ,جمع,5,161,18
past_100,number,تثنیہ,تثنیہ جمع,1,161,18
combined_100,person,حاضر,غائب,17,224,17
combined_100,gender,مونث,مذکر,15,148,16
combined_100,gender,مونث,مذکرمونث,1,148,16
cmd_nahi_75,tense,نہی,مضارع,8,175,16
cmd_nahi_75,tense,نہی,امر,5,175,16
cmd_nahi_75,tense,نہی,ماضی,3,175,16
present_100,number,تثنیہ جمع,جمع,7,221,15
present_100,number,تثنیہ جمع,واحد,6,221,15
present_100,number,تثنیہ جمع,تثنیہ,2,221,15
past_100,status,منفی,مثبت,14,32,15
past_100,status,منفی,,1,32,15
past_100,status,مثبت,,11,343,13
past_100,status,مثبت,منفی,2,343,13
present_100,voice,مجہول,معروف,12,83,12
combined_100,gender,مذکرمونث,مذکر,7,168,12
combined_100,gender,مذکرمونث,مونث,5,168,12
cmd_nahi_75,gender,مونث,مذکر,10,125,12
cmd_nahi_75,gender,مونث,مذکرمونث,2,125,12
past_100,root,جعل,جهل,5,291,11
past_100,root,جعل,فعل,5,291,11
past_100,root,جعل,شعل,1,291,11
cmd_nahi_75,person,غائب,حاضر,10,105,11
cmd_nahi_75,person,غائب,متکلم,1,105,11
ism_100,case,مجرور,منصوب,10,35,11
ism_100,case,مجرور,مرفوع,1,35,11
past_100,root,خلق,حلق,8,262,10
past_100,root,خلق,خلف,1,262,10
past_100,root,خلق,فلق,1,262,10
cmd_nahi_75,tense,امر,ماضی,6,190,10
cmd_nahi_75,tense,امر,نہی,2,190,10
cmd_nahi_75,tense,امر,مضارع,2,190,10
derived_100,person,غائب,حاضر,8,41,10
derived_100,person,غائب,متکلم,2,41,10
derived_100,gender,مونث,مذکر,10,38,10
ism_100,noun_type,اسم مفعول,اسم فاعل,10,55,10
past_100,voice,مجہول,معروف,9,73,9
present_100,number,واحد,جمع,5,324,8
present_100,number,واحد,تثنیہ جمع,3,324,8
combined_100,number,تثنیہ جمع,جمع,8,135,8
derived_100,voice,معروف,مجہول,8,120,8
present_100,person,متکلم,غائب,4,254,7
present_100,person,متکلم,حاضر,3,254,7
present_100,number,جمع,تثنیہ جمع,3,296,7
present_100,number,جمع,واحد,3,296,7
present_100,number,جمع,تثنیہ,1,296,7
combined_100,tense,مضارع,ماضی,3,181,7
combined_100,tense,مضارع,نہی,3,181,7
combined_100,tense,مضارع,امر,1,181,7
cmd_nahi_75,number,واحد,جمع,4,203,7
cmd_nahi_75,number,واحد,تثنیہ,2,203,7
cmd_nahi_75,number,واحد,تثنیہ جمع,1,203,7
present_100,gender,مذکرمونث,مذکر,4,254,6
present_100,gender,مذکرمونث,مونث,2,254,6
past_100,root,بلغ,بلع,6,242,6
derived_100,person,حاضر,غائب,6,47,6
derived_100,pattern,انفعال,افتعال,2,11,6
derived_100,pattern,انفعال,ثلاثی,2,11,6
derived_100,pattern,انفعال,افعال,1,11,6
derived_100,pattern,انفعال,تفعل,1,11,6
ism_100,case,منصوب,مجرور,6,41,6
combined_100,tense,امر,مضارع,3,118,5
combined_100,tense,امر,ماضی,2,118,5
cmd_nahi_75,number,جمع,واحد,3,123,5
cmd_nahi_75,number,جمع,تثنیہ,2,123,5
derived_100,tense,امر,ماضی,4,24,5
derived_100,tense,امر,مضارع,1,24,5
derived_100,tense,ماضی,مضارع,4,38,5
derived_100,tense,ماضی,امر,1,38,5
derived_100,pattern,افعال,ثلاثی,4,26,5
derived_100,pattern,افعال,انفعال,1,26,5
mood_100,mood,مبنی,مجزوم,4,80,5
mood_100,mood,مبنی,منصوب,1,80,5
mood_100,mood,مجزوم,مبنی,2,36,5
mood_100,mood,مجزوم,منصوب,2,36,5
mood_100,mood,مجزوم,مرفوع,1,36,5
ism_100,definiteness,نکرہ,معرفہ,5,60,5
ism_100,pattern,افعال,ثلاثی,4,28,5
ism_100,pattern,افعال,مفاعلۃ,1,28,5
combined_100,number,واحد,جمع,3,235,4
combined_100,number,واحد,تثنیہ,1,235,4
combined_100,number,جمع,واحد,3,185,4
combined_100,number,جمع,تثنیہ,1,185,4
combined_100,number,تثنیہ,تثنیہ جمع,4,61,4
past_100,root,قتل,فتل,3,36,4
past_100,root,قتل,قول,1,36,4
past_100,root,لبث,لبس,4,83,4
past_100,root,فسد,فسق,1,161,4
past_100,root,فسد,فقد,1,161,4
past_100,root,فسد,فسح,1,161,4
past_100,root,فسد,حسد,1,161,4
cmd_nahi_75,gender,مذکرمونث,مونث,2,21,4
cmd_nahi_75,gender,مذکرمونث,مذکر,2,21,4
cmd_nahi_75,root,هبط,حبط,4,6,4
derived_100,gender,مذکر,مونث,2,50,4
derived_100,gender,مذکر,مذکرمونث,2,50,4
derived_100,pattern,تفعیل,تفعل,2,26,4
derived_100,pattern,تفعیل,افعال,1,26,4
derived_100,pattern,تفعیل,ثلاثی,1,26,4
derived_100,pattern,تفعل,تفعیل,2,15,4
derived_100,pattern,تفعل,افتعال,1,15,4
derived_100,pattern,تفعل,انفعال,1,15,4
mood_100,person,غائب,حاضر,4,48,4
present_100,voice,معروف,مجہول,3,758,3
combined_100,person,متکلم,غائب,2,147,3
combined_100,person,متکلم,حاضر,1,147,3
past_100,root,فعل,جعل,2,157,3
past_100,root,فعل,شعل,1,157,3
past_100,root,جمع,جمح,3,16,3
derived_100,pattern,استفعال,ثلاثی,2,17,3
derived_100,pattern,استفعال,انفعال,1,17,3
mood_100,person,حاضر,غائب,2,55,3
mood_100,person,حاضر,متکلم,1,55,3
mood_100,gender,مونث,مذکر,3,43,3
mood_100,pattern,افعال,ثلاثی,1,26,3
mood_100,pattern,افعال,استفعال,1,26,3
mood_100,pattern,افعال,سمع,1,26,3
ism_100,number,تثنیہ,جمع,3,23,3
ism_100,pattern,مفاعلۃ,تفاعل,1,9,3
ism_100,pattern,مفاعلۃ,افعال,1,9,3
ism_100,pattern,مفاعلۃ,ثلاثی,1,9,3
mood_100,pattern,افتعال,استفعال,3,11,3
present_100,root,عمل,عتل,2,48,2
present_100,root,نفع,شفع,2,28,2
present_100,root,علم,علن,1,95,2
present_100,root,علم,كلم,1,95,2
combined_100,tense,ماضی,امر,2,194,2
past_100,root,كفر,ظفر,1,100,2
past_100,root,كفر,كفل,1,100,2
present_100,root,رهق,رزق,1,24,2
present_100,root,رهق,زهق,1,24,2
past_100,root,نصح,نصت,1,9,2
past_100,root,نصح,نصب,1,9,2
cmd_nahi_75,number,تثنیہ,واحد,1,39,2
cmd_nahi_75,number,تثنیہ,تثنیہ جمع,1,39,2
cmd_nahi_75,root,قرب,قرف,1,23,2
cmd_nahi_75,root,قرب,خرب,1,23,2
past_100,root,رحم,قحم,1,29,2
past_100,root,رحم,رجم,1,29,2
past_100,root,خرج,فرج,1,128,2
past_100,root,خرج,برج,1,128,2
past_100,root,ذكر,نكر,1,33,2
past_100,root,ذكر,فكر,1,33,2
past_100,root,نزع,نزغ,2,15,2
past_100,root,حرص,خرص,2,22,2
present_100,root,نقص,نقض,2,13,2
derived_100,number,واحد,تثنیہ جمع,1,39,2
derived_100,number,واحد,جمع,1,39,2
derived_100,gender,مذکرمونث,مذکر,1,34,2
derived_100,gender,مذکرمونث,مونث,1,34,2
derived_100,number,تثنیہ جمع,واحد,2,32,2
derived_100,tense,نہی,مضارع,2,26,2
derived_100,number,جمع,واحد,1,39,2
derived_100,number,جمع,تثنیہ,1,39,2
present_100,root,جمع,جمح,2,3,2
mood_100,tense,امر,ماضی,2,32,2
mood_100,gender,مذکر,مذکرمونث,1,55,2
mood_100,gender,مذکر,مونث,1,55,2
mood_100,pattern,ثلاثی,مفاعلۃ,1,40,2
mood_100,pattern,ثلاثی,افعال,1,40,2
mood_100,tense,ماضی,نہی,1,48,2
mood_100,tense,ماضی,امر,1,48,2
mood_100,gender,مذکرمونث,مونث,1,51,2
mood_100,gender,مذکرمونث,مذکر,1,51,2
mood_100,pattern,تفعیل,تفعل,1,19,2
mood_100,pattern,تفعیل,ثلاثی,1,19,2
mood_100,tense,نہی,مضارع,2,25,2
mood_100,pattern,انفعال,افتعال,2,10,2
mood_100,tense,مضارع,ماضی,1,44,2
mood_100,tense,مضارع,امر,1,44,2
mood_100,mood,مرفوع,منصوب,1,20,2
mood_100,mood,مرفوع,مبنی,1,20,2
derived_100,root,تقم,رقم,1,3,2
derived_100,root,تقم,تقن,1,3,2
ism_100,noun_type,اسم فاعل,اسم مفعول,2,57,2
ism_100,pattern,تفعیل,تفعل,1,18,2
ism_100,pattern,تفعیل,تفاعل,1,18,2
ism_100,pattern,ثلاثی,افعال,2,17,2
mood_100,pattern,تفعل,تفعیل,2,9,2
ism_100,pattern,فتح,نصر,1,3,2
ism_100,pattern,فتح,افعال,1,3,2
past_100,root,صدق,صدف,1,29,1
present_100,root,نصر,نضر,1,10,1
past_100,root,کسب,كسب,1,1,1
present_100,root,عبد,عبر,1,27,1
past_100,root,بعث,بحث,1,36,1
combined_100,root,کفر,كفر,1,2,1
combined_100,root,عمہ,عمه,1,1,1
past_100,root,فصل,فشل,1,2,1
combined_100,root,خلق,خرق,1,22,1
combined_100,voice,مجہول,معروف,1,28,1
combined_100,root,نصر,نظر,1,2,1
combined_100,root,صبر,صير,1,7,1
combined_100,root,حکم,حكم,1,1,1
combined_100,root,خشو,خشع,1,1,1
combined_100,root,ظہر,ظهر,1,1,1
past_100,root,نفخ,نفع,1,19,1
present_100,root,نزع,نزف,1,4,1
past_100,root,سمع,سطع,1,55,1
past_100,root,كتب,كسب,1,57,1
past_100,root,قدر,قدم,1,5,1
present_100,root,رفع,رجع,1,7,1
past_100,root,رزق,رفق,1,70,1
cmd_nahi_75,root,رقب,ركب,1,15,1
past_100,root,جرم,حرم,1,4,1
cmd_nahi_75,root,حزن,حسن,1,34,1
cmd_nahi_75,root,نظر,نضر,1,10,1
past_100,root,قسم,قصم,1,5,1
cmd_nahi_75,root,قنت,قنط,1,8,1
past_100,root,علم,عصم,1,95,1
past_100,root,قصم,قسم,1,4,1
past_100,root,عزم,علم,1,24,1
past_100,root,سلك,سلط,1,7,1
combined_100,root,نهر,نثر,1,2,1
combined_100,root,نزع,نزغ,1,4,1
combined_100,root,قنت,قنع,1,2,1
combined_100,root,فتن,فتح,1,1,1
combined_100,root,تبع,طبع,1,2,1
combined_100,root,نذر,نظر,1,1,1
derived_100,person,متکلم,غائب,1,34,1
derived_100,number,تثنیہ,تثنیہ جمع,1,12,1
present_100,root,نقم,نقب,1,5,1
present_100,root,نظر,نضر,1,7,1
derived_100,pattern,مفاعلۃ,افعال,1,13,1
present_100,root,فرح,فرج,1,4,1
present_100,root,سلك,سلم,1,5,1
present_100,root,طبع,طبخ,1,10,1
derived_100,voice,مجہول,معروف,1,2,1
mood_100,number,جمع,واحد,1,38,1
mood_100,number,تثنیہ,واحد,1,22,1
past_100,root,كذب,عذب,1,3,1
past_100,root,قبض,قرض,1,10,1
mood_100,root,تبذ,نبذ,1,1,1
ism_100,pattern,افتعال,افعال,1,9,1
ism_100,root,سلم,سوم,1,8,1
ism_100,definiteness,معرفہ,نکرہ,1,52,1
mood_100,mood,منصوب,مبنی,1,13,1
ism_100,pattern,تفاعل,افتعال,1,7,1
mood_100,root,دمر,دحر,1,1,1
derived_100,root,تبذ,نبذ,1,1,1
mood_100,root,تقم,نقم,1,7,1
derived_100,pattern,افتعال,استفعال,1,11,1
mood_100,root,صرو,صرف,1,3,1
ism_100,root,قرف,قرن,1,1,1
ism_100,pattern,ضرب,افعال,1,3,1
ism_100,pattern,سمع,حسب,1,3,1
derived_100,root,عذر,عزر,1,1,1
mood_100,pattern,فتح,ثلاثی,1,1,1
mood_100,pattern,نصر,ثلاثی,1,1,1
derived_100,root,عجل,عتل,1,1,1
